Ta,Treq,SBP,EDV,Ta_Treq,Ta_SBP
0.14225,0.87834,0.43344,-0.070516,0.99466,0.84141
