Ta,Treq,SBP,EDV
0.85976,0.94919,0.91237,-0.066017
