Ta,EDV,Ta_Treq,Ta_SBP
0.79141,0.088149,1.0244,0.79594
